Parent Cell,x,y,z,Daughter Cell A,x,y,z,Daughter Cell B,x,y,z
P0,422.07777778,248.31666666,14.326666666,P1,445.3393565,253.8605633875,15.23819611625,AB,317.785053825,251.80042565,14.70036533625
AB,317.785053825,251.80042565,14.70036533625,ABp,358.98412735,267.2765126875,14.87758774625,ABa,251.1503696625,254.4083624875,15.06383718375
P1,445.3393565,253.8605633875,15.23819611625,EMS,380.806094425,240.9462640375,15.0949706325,P2,489.6439353875,252.4161763,15.4385942575
ABa,251.1503696625,254.4083624875,15.06383718375,ABar,285.0467059375,268.8158069875,15.18162948625,ABal,223.0276970375,245.9936990875,15.47635926375
ABp,358.98412735,267.2765126875,14.87758774625,ABpr,410.7116492875,264.9469936375,14.93181156375,ABpl,351.0989584875,254.3836405125,15.31050525
P2,489.6439353875,252.4161763,15.4385942575,P3,501.819885075,247.4435226625,15.54214668875,C,454.07863055,262.890848875,15.42513003375
EMS,380.806094425,240.9462640375,15.0949706325,MS,346.9338562875,243.0266701375,14.66644114375,E,432.6886088875,249.09343005,15.53709975125
ABal,223.0276970375,245.9936990875,15.47635926375,ABalp,242.464728125,237.7061582625,15.527250415,ABala,213.12140965,257.4950707875,15.303375395
ABar,285.0467059375,268.8158069875,15.18162948625,ABarp,329.2359091,277.3430934375,15.3806736825,ABara,298.0093306375,262.2539351625,14.688905605
ABpl,351.0989584875,254.3836405125,15.31050525,ABplp,353.5002455375,238.3328286875,15.6882521425,ABpla,282.4308481625,257.285102425,15.58957578
ABpr,410.7116492875,264.9469936375,14.93181156375,ABprp,442.3363238875,256.029673575,14.8141148,ABpra,399.7654673,272.58985375,14.9382634575
C,454.07863055,262.890848875,15.42513003375,Cp,467.7115583,263.5736586375,15.45729870625,Ca,398.6028986,259.4625688,15.24209138375
P3,501.819885075,247.4435226625,15.54214668875,P4,458.5687175625,237.6282943,15.21732716625,D,502.8339735625,248.3478592875,15.54572799125
E,432.6886088875,249.09343005,15.53709975125,Ep,445.7888371875,247.3436190125,15.22587999875,Ea,403.6561410875,249.6521681125,15.27480772125
MS,346.9338562875,243.0266701375,14.66644114375,MSp,363.428951275,246.21360585,14.60027755125,MSa,301.2879952375,237.4424445375,14.99291964375
ABala,213.12140965,257.4950707875,15.303375395,ABalap,229.9191832625,266.7367609,15.54799668875,ABalaa,204.5349467875,255.8945048375,15.08994478375
ABalp,242.464728125,237.7061582625,15.527250415,ABalpp,271.5603695,235.9853221375,16.02553986,ABalpa,219.065737325,239.1526388375,15.583602735
ABara,298.0093306375,262.2539351625,14.688905605,ABarap,320.7283877625,266.8614433625,14.74722891375,ABaraa,264.2091216375,259.877717325,14.78627388875
ABarp,329.2359091,277.3430934375,15.3806736825,ABarpp,369.4115119,277.735316825,15.47830264875,ABarpa,296.4612039125,277.8054761125,15.3912325475
ABpla,282.4308481625,257.285102425,15.58957578,ABplap,326.0579009,257.861466525,15.5330304075,ABplaa,258.07933835,258.2536250875,15.9134624525
ABplp,353.5002455375,238.3328286875,15.6882521425,ABplpp,394.938767475,237.8356056875,15.976181735,ABplpa,335.8011011125,232.237792625,15.91399845625
ABpra,399.7654673,272.58985375,14.9382634575,ABprap,435.6021338875,276.174747425,15.14102977,ABpraa,373.348907075,277.652773475,14.93108575375
ABprp,442.3363238875,256.029673575,14.8141148,ABprpp,482.9915543625,260.7433145875,15.08752792375,ABprpa,423.971967,261.430650075,14.80598721875
Ca,398.6028986,259.4625688,15.24209138375,Cap,435.6006471875,253.2647995625,15.5612545675,Caa,379.5021826625,264.3335191875,15.34001518625
Cp,467.7115583,263.5736586375,15.45729870625,Cpp,504.2286469,253.8497175625,15.72828956625,Cpa,462.25389285,268.633027675,15.66872919875
D,502.8339735625,248.3478592875,15.54572799125,Dp,482.323181025,243.179955275,14.8597933,Da,463.00259315,236.2067770375,15.5706295225
Ea,403.6561410875,249.6521681125,15.27480772125,Ear,369.1362151875,257.102365675,14.5560316025,Eal,371.7831744875,242.277175775,15.0777837375
Ep,445.7888371875,247.3436190125,15.22587999875,Epr,448.9758524625,256.869949475,14.81277038,Epl,416.992742075,245.7332712625,15.04448888875
MSa,301.2879952375,237.4424445375,14.99291964375,MSap,329.15222215,234.529680075,14.86873361625,MSaa,272.7210683875,237.32759495,14.97960123125
MSp,363.428951275,246.21360585,14.60027755125,MSpp,390.809417,248.49255985,14.62691858,MSpa,324.281298975,244.4855799,14.650432595
P4,458.5687175625,237.6282943,15.21732716625,,,,,,,,
ABalaa,204.5349467875,255.8945048375,15.08994478375,ABalaap,227.3749115,248.2103345125,14.902155465,ABalaaa,197.0315137,257.065360475,14.9963821375
ABalap,229.9191832625,266.7367609,15.54799668875,ABalapp,257.6543689375,257.991198125,15.124922645,ABalapa,218.013403975,265.9387344375,15.456148715
ABalpa,219.065737325,239.1526388375,15.583602735,ABalpap,243.4659609,232.3277582125,15.38144682625,ABalpaa,206.2655229,243.136808525,15.54148796375
ABalpp,271.5603695,235.9853221375,16.02553986,ABalppp,297.9082910375,231.8768665125,15.5921726875,ABalppa,252.17963785,236.3270006125,16.044508115
ABaraa,264.2091216375,259.877717325,14.78627388875,ABaraap,280.343927175,254.9510055125,14.70914243,ABaraaa,238.68885635,264.2361982,14.79585569875
ABarap,320.7283877625,266.8614433625,14.74722891375,ABarapp,341.890843175,263.1233876125,14.53721085875,ABarapa,291.4656385625,271.4315708375,14.59540302
ABarpa,296.4612039125,277.8054761125,15.3912325475,ABarpap,309.9252427625,268.3152525375,14.86906399375,ABarpaa,267.4234513,276.6945018,15.35788739625
ABarpp,369.4115119,277.735316825,15.47830264875,ABarppp,377.1299503125,276.469538,15.29821202375,ABarppa,325.632145275,278.2309833375,15.59762392
ABplaa,258.07933835,258.2536250875,15.9134624525,ABplaap,275.867215075,249.14910215,15.5849351025,ABplaaa,242.5593308375,261.8637689625,15.97431541125
ABplap,326.0579009,257.861466525,15.5330304075,ABplapp,338.5804746875,249.6586411375,15.42439953125,ABplapa,301.5548422625,263.7251874625,15.47604456
ABplpa,335.8011011125,232.237792625,15.91399845625,ABplpap,371.7556097625,227.9442548125,15.63065621125,ABplpaa,322.1385309375,232.522523975,16.01252389625
ABplpp,394.938767475,237.8356056875,15.976181735,ABplppp,421.9675175625,233.5335466875,15.82439498625,ABplppa,377.2385274375,239.3303456875,15.88335523125
ABpraa,373.348907075,277.652773475,14.93108575375,ABpraap,381.2574613625,275.5720264375,14.84231974875,ABpraaa,334.05210145,281.7111584375,14.92925855625
ABprap,435.6021338875,276.174747425,15.14102977,ABpraap,381.2574613625,275.5720264375,14.84231974875,ABprapa,410.71077555,279.571275125,15.21380451625
ABprpa,423.971967,261.430650075,14.80598721875,ABprpap,457.2519570375,262.302041375,14.77928506,ABprpaa,422.8970806375,273.422023175,14.67746395125
ABprpp,482.9915543625,260.7433145875,15.08752792375,ABprppp,499.91637905,258.79575275,15.04657137125,ABprppa,488.7970901,271.8132003375,14.917869115
Caa,379.5021826625,264.3335191875,15.34001518625,Caap,444.1258349375,250.9021263875,15.68253361,Caaa,384.20487165,260.3205223,15.35676516625
Cap,435.6006471875,253.2647995625,15.5612545675,Capp,470.379308475,245.6898355125,15.75751713625,Capa,439.2218713375,244.3084386625,15.53393672125
Cpa,462.25389285,268.633027675,15.66872919875,Cpap,484.77274675,256.1838534375,15.72318073125,Cpaa,457.101685,270.3026369375,15.54642785125
Cpp,504.2286469,253.8497175625,15.72828956625,Cppp,496.3944012625,246.071324625,15.51964028625,Cppa,510.478642175,256.389901025,15.18598599625
Da,463.00259315,236.2067770375,15.5706295225,Dap,450.4642904375,240.7831752,14.862392695,Daa,420.9223138625,241.041065675,14.81265181875
Dp,482.323181025,243.179955275,14.8597933,Dpp,465.4561721875,253.4554038875,14.77279259125,Dpa,439.9610892875,254.792030025,14.74423211375
Eal,371.7831744875,242.277175775,15.0777837375,Ealp,363.777321675,245.467131225,14.77614012875,Eala,328.39615995,248.2203087875,14.874511605
Ear,369.1362151875,257.102365675,14.5560316025,Earp,374.1622434125,261.808928575,14.604078585,Eara,336.1564059,260.9822539875,14.76896916
Epl,416.992742075,245.7332712625,15.04448888875,Eplp,450.0145768,249.4783811125,14.99260476125,Epla,410.336013625,250.5968302125,14.93266498
Epr,448.9758524625,256.869949475,14.81277038,Eprp,458.2698896625,259.62531865,15.01597956,Epra,417.7102514,261.9990109875,14.8228023525
MSaa,272.7210683875,237.32759495,14.97960123125,MSaap,312.1924971625,236.84831455,14.622213765,MSaaa,259.524896675,241.6598735,14.92934753875
MSap,329.15222215,234.529680075,14.86873361625,MSapp,365.7352499875,229.8028175375,15.06906041875,MSapa,323.4585615375,230.130234825,14.919577385
MSpa,324.281298975,244.4855799,14.650432595,MSpap,371.519931075,239.5351075,14.5626457275,MSpaa,320.3938388,249.52557385,14.5164197925
MSpp,390.809417,248.49255985,14.62691858,MSppp,430.4009324625,245.639545,14.71864641375,MSppa,396.05248445,255.7733215125,14.5488072575
ABalaaa,197.0315137,257.065360475,14.9963821375,ABalaaap,0,0,0,ABalaaaa,0,0,0
ABalaap,227.3749115,248.2103345125,14.902155465,ABalaapp,270.509678228571,261.562959657143,14.7994507657143,ABalaapa,232.007842771429,260.4625051,14.7866231557143
ABalapa,218.013403975,265.9387344375,15.456148715,ABalapap,246.783036725,265.7180242625,15.55528159125,ABalapaa,216.6417442,260.91514075,15.39571739625
ABalapp,257.6543689375,257.991198125,15.124922645,ABalappp,295.1480544875,261.1899236,15.0748818475,ABalappa,252.769303975,263.4639287375,15.168961145
ABalpaa,206.2655229,243.136808525,15.54148796375,ABalpaap,216.605691525,243.896963325,15.329843355,ABalpaaa,198.2988862,248.684100525,14.8887276625
ABalpaa,210.375,253.0054348,15.6509058,,,,,,,,
ABalpap,243.4659609,232.3277582125,15.38144682625,ABalpapp,260.828805375,233.1001325375,15.1209081075,ABalpapa,217.2526570125,237.4380341,15.14316014875
ABalppa,252.17963785,236.3270006125,16.044508115,ABalppap,250.56230335,234.3937964375,15.6673671925,ABalppaa,218.3754602875,236.9113593375,15.664753975
ABalppp,297.9082910375,231.8768665125,15.5921726875,ABalpppp,303.862777325,237.6834842,15.2210421925,ABalpppa,264.4252732875,240.2717943625,15.466516485
ABaraaa,238.68885635,264.2361982,14.79585569875,ABaraaap,254.685285,266.7712897875,14.77358912375,ABaraaaa,220.0746358875,260.6076648375,14.7112121325
ABaraap,280.343927175,254.9510055125,14.70914243,ABaraapp,295.833210325,254.3032854625,14.68310168625,ABaraapa,251.4049227125,256.475587525,14.75823704
ABarapa,291.4656385625,271.4315708375,14.59540302,ABarapap,314.566079875,267.9069376125,14.6334090375,ABarapaa,275.5930916625,269.8340464375,14.6432871325
ABarapp,341.890843175,263.1233876125,14.53721085875,ABarappp,363.0155834125,267.7331359,14.51092847625,ABarappa,332.59227335,270.0779785375,14.61040354375
ABarpaa,267.4234513,276.6945018,15.35788739625,ABarpaap,289.5477937875,275.30040155,15.3313288025,ABarpaaa,251.4283959375,273.9600642,15.1696798075
ABarpap,309.9252427625,268.3152525375,14.86906399375,ABarpapp,335.070554125,271.6721456875,15.05003199,ABarpapa,291.4194319625,272.222811175,15.02101254875
ABarppa,325.632145275,278.2309833375,15.59762392,ABarppap,361.2234757875,264.9716453,15.35982690375,ABarppaa,322.8081368875,271.82596475,15.51651125875
ABarppp,377.1299503125,276.469538,15.29821202375,ABarpppp,415.4451006375,269.242258525,15.2429511575,ABarpppa,371.6029381125,273.3332337375,15.2501481325
ABplaaa,242.5593308375,261.8637689625,15.97431541125,ABplaaap,265.7132320625,259.1430499625,15.76765557625,ABplaaaa,222.8310957375,256.231333725,15.83384069125
ABplaap,275.867215075,249.14910215,15.5849351025,ABplaapp,297.15491685,244.1556152375,15.54325770875,ABplaapa,250.270460775,245.14303625,15.91986544
ABplapa,301.5548422625,263.7251874625,15.47604456,ABplapap,337.23826315,256.05576955,15.431010805,ABplapaa,297.207555225,258.170270525,15.61370347625
ABplapp,338.5804746875,249.6586411375,15.42439953125,ABplappp,389.4516323625,240.523742775,15.70356444125,ABplappa,341.7497561,243.356487425,15.49504072375
ABplpaa,322.1385309375,232.522523975,16.01252389625,ABplpaap,303.7640945625,230.0749154875,15.90275493125,ABplpaaa,268.0258883,229.60323555,15.85382651125
ABplpap,371.7556097625,227.9442548125,15.63065621125,ABplpapp,358.3766306125,226.01833075,15.43176649625,ABplpapa,313.8273015125,225.9452955375,15.58783495375
ABplppa,377.2385274375,239.3303456875,15.88335523125,ABplppap,371.9210455375,232.662761525,15.6490257775,ABplppaa,334.9985999,231.2939905125,15.7776406875
ABplppp,421.9675175625,233.5335466875,15.82439498625,ABplpppp,423.408082175,230.3263811875,15.815061995,ABplpppa,391.4513956875,228.4018054375,15.55431284875
ABpraaa,334.05210145,281.7111584375,14.92925855625,ABpraaap,336.8476804625,282.134031275,15.0163246025,ABpraaaa,302.3320770125,279.5323647375,14.87795479125
ABpraap,381.2574613625,275.5720264375,14.84231974875,ABpraapp,400.040120675,279.5746374,14.9008463275,ABpraapa,361.5723653875,283.07734075,14.86623117875
ABprapa,410.71077555,279.571275125,15.21380451625,ABprapap,437.497527114286,281.358785571429,15.3457970514286,ABprapaa,393.5024833625,281.788400625,15.36924603625
ABprapp,459.6128062,273.757030175,15.13553026375,ABprappp,487.750385225,268.17881065,15.20960044375,ABprappa,458.9955095,276.383766675,14.98970269875
ABprpaa,422.8970806375,273.422023175,14.67746395125,ABprpaap,409.0264757,277.714266675,14.710109855,ABprpaaa,371.8862710625,277.57265765,14.67763995625
ABprpap,457.2519570375,262.302041375,14.77928506,ABprpapp,448.7854097375,263.7149042625,14.72059524,ABprpapa,413.1438772,270.64072515,14.653198175
ABprppa,488.7970901,271.8132003375,14.917869115,ABprppap,467.4324716125,271.350144075,14.83007246375,ABprppaa,438.6560775375,276.9960083875,14.81984252375
ABprppp,499.91637905,258.79575275,15.04657137125,ABprpppp,491.89358325,257.4102640875,14.996723575,ABprpppa,491.7578566875,267.8921514875,14.8652492475
Caaa,384.20487165,260.3205223,15.35676516625,Caaap,485.438481575,248.4232965625,15.6102085025,Caaaa,443.09971735,252.42628365,15.55064713875
Caap,444.1258349375,250.9021263875,15.68253361,Caapp,508.556925075,246.226209675,15.16942034875,Caapa,511.020026475,249.72994475,15.31788426625
Capa,439.2218713375,244.3084386625,15.53393672125,Capap,458.4035970125,248.7776301625,14.71539501875,Capaa,431.641790375,245.29471785,14.76727542
Capp,470.379308475,245.6898355125,15.75751713625,Cappp,485.9527444375,246.8220968625,14.96876789125,Cappa,471.131243875,241.8961320875,15.11417957
Cpaa,457.101685,270.3026369375,15.54642785125,Cpaap,490.1382874,262.9152498,15.45060406625,Cpaaa,444.4665050375,265.80457795,15.47470474875
Cpap,484.77274675,256.1838534375,15.72318073125,Cpapp,517.75479715,252.42200955,15.10576822625,Cpapa,515.2941892,259.3526321875,15.181369965
Cppa,510.478642175,256.389901025,15.18598599625,Cppap,466.5476277125,254.609152975,14.72715692,Cppaa,448.6339739,259.3498389875,14.6175363125
Cppp,496.3944012625,246.071324625,15.51964028625,Cpppp,490.967669225,254.6327006125,14.94052622125,Cpppa,485.7550787,258.8352979125,14.91365872375
Daa,420.9223138625,241.041065675,14.81265181875,Daap,401.1032942625,235.7406623,14.67618144375,Daaa,378.959347425,233.61228445,15.066561485
Dap,450.4642904375,240.7831752,14.862392695,Dapp,426.7361129375,236.923676175,14.8298511575,Dapa,396.84832335,231.740153725,14.95318496375
Dpa,439.9610892875,254.792030025,14.74423211375,Dpap,404.7112368375,264.24365185,14.7457772325,Dpaa,385.39456055,270.7817293375,14.964586245
Dpp,465.4561721875,253.4554038875,14.77279259125,Dppp,431.0704413375,269.5305177125,14.9749151475,Dppa,401.43053775,277.1328603,15.00429499625
Eala,328.39615995,248.2203087875,14.874511605,,,,,Ealaa,317.06295415,249.1490537125,15.01746750625
Ealp,363.777321675,245.467131225,14.77614012875,,,,,,,,
Eara,336.1564059,260.9822539875,14.76896916,,,,,Earaa,322.9341672625,261.8603508,14.86689327125
Earp,374.1622434125,261.808928575,14.604078585,,,,,,,,
Epla,410.336013625,250.5968302125,14.93266498,,,,,,,,
Eplp,450.0145768,249.4783811125,14.99260476125,,,,,Eplpp,477.4897414375,250.7863692875,15.04524707125
Epra,417.7102514,261.9990109875,14.8228023525,,,,,,,,
Eprp,458.2698896625,259.62531865,15.01597956,,,,,,,,
MSaaa,259.524896675,241.6598735,14.92934753875,MSaaap,285.858586585714,246.760897885714,14.5588204257143,MSaaaa,239.7663674375,248.033084975,14.8980927125
MSaap,312.1924971625,236.84831455,14.622213765,MSaapp,358.463894175,238.25528825,14.52473266,MSaapa,309.80649305,239.43084695,14.530900825
MSapa,323.4585615375,230.130234825,14.919577385,MSapap,320.9070892,236.1746555625,14.90680543375,MSapaa,291.7738483875,238.4952619375,15.03987952125
MSapp,365.7352499875,229.8028175375,15.06906041875,MSappp,381.87826005,235.5156911,14.9597869225,MSappa,352.2790228375,237.5039149875,14.74392639
MSpaa,320.3938388,249.52557385,14.5164197925,MSpaap,331.8053217375,252.7093203375,14.44994525625,MSpaaa,291.1192282,257.1864421,14.5887024225
MSpap,371.519931075,239.5351075,14.5626457275,MSpapp,402.3732035375,245.106216125,14.5338365625,MSpapa,355.3575333875,247.549694675,14.43180635125
MSppa,396.05248445,255.7733215125,14.5488072575,MSppap,374.31457385,262.0592886,14.5186719575,MSppaa,334.8434978875,262.8764708125,14.57655840625
MSppp,430.4009324625,245.639545,14.71864641375,MSpppp,414.625820325,256.9632383375,14.6537292825,MSpppa,387.8519284625,256.4474587125,14.4828257125
ABalaaaa,0,0,0,,,,,,,,
ABalaaap,0,0,0,,,,,,,,
ABalaapa,232.007842771429,260.4625051,14.7866231557143,ABalaapap,227.5126367,268.375699457143,14.7646575185714,ABalaapaa,203.247284214286,262.895024471429,14.7966178071429
ABalaapp,270.509678228571,261.562959657143,14.7994507657143,ABalaappp,246.583760657143,270.810421642857,15.2679898942857,ABalaappa,223.365347114286,269.337686785714,15.1536514985714
ABalapaa,216.6417442,260.91514075,15.39571739625,ABalapaap,218.4482886875,245.3479069,15.501682965,ABalapaaa,202.573301325,250.3098058625,15.482230275
ABalapap,246.783036725,265.7180242625,15.55528159125,ABalapapp,266.4525521375,250.3583389875,15.4495095875,ABalapapa,231.3168415,252.6477704625,15.68705704375
ABalappa,252.769303975,263.4639287375,15.168961145,ABalappap,228.366163975,263.5831401125,15.46353012375,ABalappaa,204.942012325,258.7692868875,15.49742025375
ABalappp,295.1480544875,261.1899236,15.0748818475,,,,,ABalapppa,256.170171175,265.6557748125,15.48369956875
ABalpaaa,198.2988862,248.684100525,14.8887276625,,,,,,,,
ABalpaap,216.605691525,243.896963325,15.329843355,,,,,,,,
ABalpapa,217.2526570125,237.4380341,15.14316014875,,,,,,,,
ABalpapp,260.828805375,233.1001325375,15.1209081075,ABalpappp,294.00697025,241.9152080625,14.44660856875,ABalpappa,261.748501825,241.182356825,14.620240435
ABalppaa,218.3754602875,236.9113593375,15.664753975,ABalppaap,236.4428430625,232.027458975,15.19631278625,ABalppaaa,216.9500050125,236.868261825,15.25964385875
ABalppap,250.56230335,234.3937964375,15.6673671925,,,,,ABalppapa,254.5924837125,233.8286718125,14.92245102375
ABalpppa,264.4252732875,240.2717943625,15.466516485,,,,,ABalpppap,262.6855289625,234.471277525,15.3675434625
ABalpppp,303.862777325,237.6834842,15.2210421925,,,,,,,,
ABaraaaa,220.0746358875,260.6076648375,14.7112121325,,,,,ABaraaaap,224.5005156125,257.1964879625,14.91723996125
ABaraaap,254.685285,266.7712897875,14.77358912375,,,,,,,,
ABaraapa,251.4049227125,256.475587525,14.75823704,,,,,,,,
ABaraapp,295.833210325,254.3032854625,14.68310168625,,,,,,,,
ABarapaa,275.5930916625,269.8340464375,14.6432871325,,,,,,,,
ABarapap,314.566079875,267.9069376125,14.6334090375,ABarapapp,327.1134725125,258.7916715375,14.489224635,ABarapapa,297.7603646875,260.872126725,14.63695653875
ABarappa,332.59227335,270.0779785375,14.61040354375,ABarappap,328.3410838375,266.2012889375,14.54864716625,ABarappaa,295.6377349875,265.9298162,14.69827808875
ABarappp,363.0155834125,267.7331359,14.51092847625,ABarapppp,330.934013575,271.6127943375,14.639024085,ABarapppa,299.7410894625,270.7511562,14.7246597525
ABarpaaa,251.4283959375,273.9600642,15.1696798075,,,,,,,,
ABarpaap,289.5477937875,275.30040155,15.3313288025,ABarpaapp,331.4146965125,264.7105232625,15.36004579,ABarpaapa,285.4664336625,263.56803095,15.5161095175
ABarpapa,291.4194319625,272.222811175,15.02101254875,ABarpapap,287.47032165,273.290124125,15.5292309075,ABarpapaa,255.4585618,272.6772112125,15.63729572875
ABarpapp,335.070554125,271.6721456875,15.05003199,ABarpappp,339.357866775,275.9043993,15.40221563375,ABarpappa,308.465358325,277.0823115125,15.6393469125
ABarppaa,322.8081368875,271.82596475,15.51651125875,ABarppaap,376.5314898625,252.22884725,15.412777815,ABarppaaa,341.558572375,254.658611,15.61128924875
ABarppap,361.2234757875,264.9716453,15.35982690375,,,,,,,,
ABarpppa,371.6029381125,273.3332337375,15.2501481325,,,,,,,,
ABarpppp,415.4451006375,269.242258525,15.2429511575,,,,,,,,
ABplaaaa,222.8310957375,256.231333725,15.83384069125,ABplaaaap,259.910291,250.078412,15.75911666,ABplaaaaa,231.329903925,247.763085575,15.86905085375
ABplaaap,265.7132320625,259.1430499625,15.76765557625,ABplaaapp,317.6957753,247.8713866,15.50349386,ABplaaapa,284.5702009125,248.8360925875,15.7639267875
ABplaapa,250.270460775,245.14303625,15.91986544,ABplaapap,294.5115764,237.9564614,15.74057266,ABplaapaa,257.4897809,238.6757854,15.71530842
ABplaapp,297.15491685,244.1556152375,15.54325770875,,,,,,,,
ABplapaa,297.207555225,258.170270525,15.61370347625,ABplapaap,371.8364479,241.0630057,15.62533912,ABplapaaa,335.7859539,241.380663,15.58919645
ABplapap,337.23826315,256.05576955,15.431010805,ABplapapp,439.0838497,240.025762,15.42772669,ABplapapa,400.0772073,240.876558,15.52018145
ABplappa,341.7497561,243.356487425,15.49504072375,,,,,,,,
ABplappp,389.4516323625,240.523742775,15.70356444125,ABplapppp,467.1919393,234.8290755,15.25810832,ABplapppa,442.4881709,233.1101296,15.27244438
ABplpaaa,268.0258883,229.60323555,15.85382651125,ABplpaaap,293.3975849,228.5363914,15.28119309,ABplpaaaa,262.4986485,231.0286043,15.2567156
ABplpaap,303.7640945625,230.0749154875,15.90275493125,ABplpaapp,328.4129066,227.9356931,15.3145522,ABplpaapa,291.7846338,227.9733856,15.37276942
ABplpapa,313.8273015125,225.9452955375,15.58783495375,,,,,ABplpapaa,307.6262129,230.9150448,14.85848482
ABplpapp,358.3766306125,226.01833075,15.43176649625,,,,,ABplpappa,350.4059996,234.2713137,14.55475117
ABplppaa,334.9985999,231.2939905125,15.7776406875,,,,,ABplppaaa,337.558396,228.821233,15.1334745
ABplppap,371.9210455375,232.662761525,15.6490257775,,,,,,,,
ABplpppa,391.4513956875,228.4018054375,15.55431284875,,,,,ABplpppap,436.872812,226.195405,14.76541237
ABplpppp,423.408082175,230.3263811875,15.815061995,,,,,ABplppppp,434.6017288,237.6370058,14.96302386
ABpraaaa,302.3320770125,279.5323647375,14.87795479125,ABpraaaap,281.3027653,279.3065598,15.14505026,ABpraaaaa,254.6112175,276.5130475,15.1117576
ABpraaap,336.8476804625,282.134031275,15.0163246025,,,,,ABpraaapa,273.1132558,277.859615,15.2701917
ABpraapa,361.5723653875,283.07734075,14.86623117875,ABpraapap,342.6860791,281.2171291,15.46727931,ABpraapaa,307.0279614,281.3922726,15.4191794
ABpraapp,400.040120675,279.5746374,14.9008463275,,,,,,,,
ABprapaa,393.5024833625,281.788400625,15.36924603625,ABprapaap,415.9529964,280.1334727,15.57392016,ABprapaaa,377.8690712,280.8660847,15.53964715
ABprapap,437.497527114286,281.358785571429,15.3457970514286,ABprapapp,484.1804159,272.1804095,15.25043192,ABprapapa,451.1415924,278.2518896,15.33475914
ABprappa,458.9955095,276.383766675,14.98970269875,ABprappap,467.5914143,274.8727195,14.99446652,ABprappaa,434.227504,278.8111996,14.96772979
ABprappp,487.750385225,268.17881065,15.20960044375,,,,,ABprapppa,480.8926754,271.9725299,14.98856846
ABprpaaa,371.8862710625,277.57265765,14.67763995625,ABprpaaap,336.4804204,279.6651176,14.82661463,ABprapaaaa,361.9944419,281.0437967,15.33521981
ABprpaap,409.0264757,277.714266675,14.710109855,ABprpaapp,371.3023563,280.6973776,14.87553621,ABprpaapa,337.6082591,280.8334531,14.88907469
ABprpapa,413.1438772,270.64072515,14.653198175,,,,,ABprpapaa,353.2380534,270.8754052,14.56050061
ABprpapp,448.7854097375,263.7149042625,14.72059524,ABprpappp,413.3059655,264.3375724,14.61296355,ABprpappa,381.6623098,264.3971689,14.44648448
ABprppaa,438.6560775375,276.9960083875,14.81984252375,ABprppaap,400.4299846,273.7843397,14.72933414,ABprppaaa,372.1946378,275.8947446,14.80935252
ABprppap,467.4324716125,271.350144075,14.83007246375,ABprppapp,443.1717618,273.2792479,14.88879144,ABprppapa,413.37526,274.7422186,14.76283623
ABprpppa,491.7578566875,267.8921514875,14.8652492475,ABprpppap,478.5368259,268.1938882,14.82937727,,,,
ABprpppp,491.89358325,257.4102640875,14.996723575,ABprppppp,464.1620802,260.9186014,14.88892154,ABprppppa,442.1181402,266.0818458,14.77224286
Caaaa,443.09971735,252.42628365,15.55064713875,,,,,,,,
Caaap,485.438481575,248.4232965625,15.6102085025,,,,,,,,
Caapa,511.020026475,249.72994475,15.31788426625,,,,,,,,
Caapp,508.556925075,246.226209675,15.16942034875,,,,,,,,
Capaa,431.641790375,245.29471785,14.76727542,Capaap,423.4762383,247.0627084,14.73701585,Capaaa,406.5180164,238.4653414,14.93608925
Capap,458.4035970125,248.7776301625,14.71539501875,Capapp,455.3003499,245.7268207,14.70767446,Capapa,440.4697373,240.9489885,14.8891685
Cappa,471.131243875,241.8961320875,15.11417957,Cappap,461.7716345,241.1318,14.83170089,Cappaa,442.1926999,240.0742158,14.9564149
Cappp,485.9527444375,246.8220968625,14.96876789125,Capppp,479.4749927,247.8481163,14.65821312,Capppa,482.4376589,241.6205799,15.08269165
Cpaaa,444.4665050375,265.80457795,15.47470474875,,,,,,,,
Cpaap,490.1382874,262.9152498,15.45060406625,,,,,,,,
Cpapa,515.2941892,259.3526321875,15.181369965,,,,,,,,
Cpapp,517.75479715,252.42200955,15.10576822625,,,,,,,,
Cppaa,448.6339739,259.3498389875,14.6175363125,Cppaap,443.3877492,259.485368,14.73790423,Cppaaa,424.4039866,264.6075916,14.8188005
Cppap,466.5476277125,254.609152975,14.72715692,Cppapp,460.3860799,254.5277788,14.62135195,Cppapa,443.9930558,261.7846985,14.86133069
Cpppa,485.7550787,258.8352979125,14.91365872375,Cpppap,475.8712329,263.2379428,14.97653586,Cpppaa,451.2142369,265.7121987,15.21766898
Cpppp,490.967669225,254.6327006125,14.94052622125,Cppppp,491.3995387,253.3597554,14.80670061,Cppppa,490.4930759,261.2426913,14.948061
Daaa,378.959347425,233.61228445,15.066561485,,,,,,,,
Daap,401.1032942625,235.7406623,14.67618144375,,,,,,,,
Dapa,396.84832335,231.740153725,14.95318496375,,,,,,,,
Dapp,426.7361129375,236.923676175,14.8298511575,Dappp,443.845113,233.9233334,14.93051115,Dappa,408.9923808,236.0964413,15.42467431
Dpaa,385.39456055,270.7817293375,14.964586245,,,,,,,,
Dpap,404.7112368375,264.24365185,14.7457772325,,,,,,,,
Dppa,401.43053775,277.1328603,15.00429499625,,,,,,,,
Dppp,431.0704413375,269.5305177125,14.9749151475,Dpppp,446.3487174,271.2157985,14.41780531,Dpppa,404.4281937,276.1415768,15.12234684
Ealaa,317.06295415,249.1490537125,15.01746750625,,,,,,,,
Earaa,322.9341672625,261.8603508,14.86689327125,,,,,,,,
Eplpp,477.4897414375,250.7863692875,15.04524707125,,,,,,,,
MSaaaa,239.7663674375,248.033084975,14.8980927125,MSaaaap,234.5325783,256.5939721,15.2206473,MSaaaaa,216.4393961,251.9198682,14.96679816
MSaaap,285.858586585714,246.760897885714,14.5588204257143,MSaaapp,297.670135,250.8364963,14.79427247,MSaaapa,267.960135,250.0771765,14.84283058
MSaapa,309.80649305,239.43084695,14.530900825,MSaapap,342.6631581,243.1329686,14.41691364,MSaapaa,305.8444621,242.0725484,14.54770154
MSaapp,358.463894175,238.25528825,14.52473266,MSaappp,380.3678003,240.5282224,14.49010841,MSaappa,361.2053666,244.3636205,14.2519709
MSapaa,291.7738483875,238.4952619375,15.03987952125,MSapaap,275.2733059,238.9830446,14.91397753,MSapaaa,248.6757832,238.6793699,15.11826244
MSapap,320.9070892,236.1746555625,14.90680543375,MSapapp,323.9897706,238.0699363,15.16396495,MSapapa,292.2658742,235.9893688,15.06149186
MSappa,352.2790228375,237.5039149875,14.74392639,MSappap,350.3766958,235.907514,14.63805489,MSappaa,325.2074549,237.672586,14.802916
MSappp,381.87826005,235.5156911,14.9597869225,MSapppp,372.4339253,235.214604,15.12550614,MSapppa,339.8781895,231.8999835,15.02152923
MSpaaa,291.1192282,257.1864421,14.5887024225,MSpaaap,278.7370432,262.5159757,14.96014125,MSpaaaa,242.6230558,260.7077704,14.95391648
MSpaap,331.8053217375,252.7093203375,14.44994525625,,,,,MSpaapa,290.6779542,260.9994894,14.7323795
MSpapa,355.3575333875,247.549694675,14.43180635125,MSpapap,367.0615741,252.1530818,14.44580508,MSpapaa,332.4668597,252.4044505,14.43062224
MSpapp,402.3732035375,245.106216125,14.5338365625,MSpappp,405.062321,252.7495781,14.41443157,MSpappa,383.9332104,251.3974338,14.34974254
MSppaa,334.8434978875,262.8764708125,14.57655840625,MSppaap,294.3275064,269.1533071,14.886407,MSppaaa,259.1671301,269.7302129,14.9018442
MSppap,374.31457385,262.0592886,14.5186719575,MSppapp,334.5367458,273.5620463,15.07858401,MSppapa,308.1109183,272.673378,14.94709137
MSpppa,387.8519284625,256.4474587125,14.4828257125,MSpppap,361.4226916,268.5623118,14.66990351,MSpppaa,330.8214114,266.8876261,14.68980172
MSpppp,414.625820325,256.9632383375,14.6537292825,MSppppp,378.1478399,273.8802488,15.04143515,MSppppa,348.9259686,275.1700697,14.98945799
ABalaapaa,203.247284214286,262.895024471429,14.7966178071429,ABalaapaap,227.3731129,268.8921606,14.63111003,ABalaapaaa,201.6139022,264.9525506,14.81977187
ABalaapap,227.5126367,268.375699457143,14.7646575185714,,,,,ABalaapapp,249.8714559,274.6596987,14.73154928
ABalaappa,223.365347114286,269.337686785714,15.1536514985714,,,,,,,,
ABalaappp,246.583760657143,270.810421642857,15.2679898942857,,,,,,,,
ABalapaaa,202.573301325,250.3098058625,15.482230275,ABalapaaap,203.0772302,244.8236519,15.6341269,,,,
ABalapaap,218.4482886875,245.3479069,15.501682965,ABalapaapp,221.0264685,236.9083539,15.46490163,,,,
ABalapapa,231.3168415,252.6477704625,15.68705704375,,,,,ABalapapap,223.3053688,249.1194049,15.76987221
ABalapapp,266.4525521375,250.3583389875,15.4495095875,,,,,ABalapappa,243.1074538,242.0160682,15.61049043
ABalappaa,204.942012325,258.7692868875,15.49742025375,,,,,ABalappaap,196.3190119,258.1782474,15.60735169
ABalappap,228.366163975,263.5831401125,15.46353012375,ABalappapp,212.9576913,272.3608747,15.63108517,ABalappapa,196.3375029,268.1744398,15.47599257
ABalapppa,256.170171175,265.6557748125,15.48369956875,ABalapppap,236.8090727,268.1485681,15.88098187,ABalapppaa,213.5307424,264.7664512,15.74956041
ABalpappa,261.748501825,241.182356825,14.620240435,ABalpappap,292.2712292,240.5230265,14.02851415,ABalpappaa,266.8572495,242.0998912,14.46923502
ABalpappp,294.00697025,241.9152080625,14.44660856875,ABalpapppp,320.2683895,241.7601893,14.29521197,ABalpapppa,289.2370435,243.0512549,14.41772311
ABalppaaa,216.9500050125,236.868261825,15.25964385875,,,,,ABalppaaap,212.3237875,231.6039225,15.06004307
ABalppaap,236.4428430625,232.027458975,15.19631278625,,,,,ABalppaapp,243.5939562,224.9483348,15.00085446
ABalppapa,254.5924837125,233.8286718125,14.92245102375,ABalppapap,265.0221872,228.8378876,14.56755256,ABalppapaa,241.0974363,227.886964,14.71171128
ABalpppap,262.6855289625,234.471277525,15.3675434625,ABalpppapp,263.8802629,223.0403708,15.37460802,ABalpppapa,244.7220789,223.5517,15.17732461
ABaraaaap,224.5005156125,257.1964879625,14.91723996125,,,,,,,,
ABarapapa,297.7603646875,260.872126725,14.63695653875,,,,,,,,
ABarapapp,327.1134725125,258.7916715375,14.489224635,ABarappapp,348.1992253,269.3022956,14.43810612,ABarapappa,304.5471773,256.2111206,14.48647173
ABarappaa,295.6377349875,265.9298162,14.69827808875,,,,,ABarappaaa,290.5475653,266.2076862,14.53336834
ABarappap,328.3410838375,266.2012889375,14.54864716625,,,,,,,,
ABarapppa,299.7410894625,270.7511562,14.7246597525,ABarapppap,288.2776794,270.6113678,14.62901494,ABarapppaa,264.4860311,270.9418977,14.658701
ABarapppp,330.934013575,271.6127943375,14.639024085,ABarappppp,322.3696597,277.5172789,14.74901769,ABarappppa,297.1156321,274.4663535,14.7966663
ABarpaaaa,230.9854344375,259.770362875,15.88516008625,ABarpaaaap,235.7948639,254.9929298,16.00684543,ABarpaaaaa,214.7686601,261.1069696,16.1111579
ABarpaaap,258.3792251,261.6409993,15.8850886025,,,,,ABarpaaapa,245.4255409,262.1340548,15.86403349
ABarpaapa,285.4664336625,263.56803095,15.5161095175,,,,,,,,
ABarpaapp,331.4146965125,264.7105232625,15.36004579,,,,,,,,
ABarpapaa,255.4585618,272.6772112125,15.63729572875,ABarpapaap,259.4695726,274.6557737,16.08890471,ABarpapaaa,233.0648288,272.9131257,16.21418838
ABarpapap,287.47032165,273.290124125,15.5292309075,ABarpapaap,259.4695726,274.6557737,16.08890471,,,,
ABarpappa,308.465358325,277.0823115125,15.6393469125,,,,,,,,
ABarpappp,339.357866775,275.9043993,15.40221563375,,,,,,,,
ABarppaaa,341.558572375,254.658611,15.61128924875,,,,,,,,
ABarppaap,376.5314898625,252.22884725,15.412777815,,,,,ABarppaapp,420.7730926,240.8574922,15.82597164
ABarppapa,401.082579125,246.24693375,15.44071915375,ABarppapp,445.1155319,244.9025483,15.52236128,ABarppapa,401.0825791,246.2469338,15.44071915
ABarppapp,445.1155318625,244.9025483375,15.5223612775,,,,,,,,
ABarpppaa,359.143915375,271.5220575625,15.63986996375,ABarpppap,391.3235897,270.3303663,15.48730851,ABarpppaa,359.1439154,271.5220576,15.63986996
ABarpppap,391.3235897375,270.330366275,15.48730850875,,,,,ABarpppapp,420.947141,275.7523661,15.64305791
ABarppppa,416.18731615,273.007261675,15.44336804,ABarppppp,456.311765,270.5480223,15.57977602,ABarppppa,416.1873162,273.0072617,15.44336804
ABarppppp,456.311765025,270.54802225,15.5797760225,,,,,,,,
ABplaaaaa,231.329903925,247.763085575,15.86905085375,ABplaaaaap,254.9683412,245.5048237,16.05802622,ABplaaaaaa,228.9490933,246.0216649,16.17089487
ABplaaaap,259.910291025,250.078412,15.75911666125,,,,,,,,
ABplaaapa,284.5702009125,248.8360925875,15.7639267875,,,,,,,,
ABplaaapp,317.6957753375,247.87138655,15.503493855,,,,,,,,
ABalaaaala,0,0,0,,,,,ABalaaaala,0,0,0
ABalaaaalp,0,0,0,,,,,ABalaaaala,0,0,0
ABalaaaarl,0,0,0,,,,,ABalaaaarl,0,0,0
ABalaaaarr,0,0,0,,,,,ABalaaaarl,0,0,0
ABalaaapal,0,0,0,,,,,ABalaaapal,0,0,0
ABalaaapar,0,0,0,,,,,ABalaaapal,0,0,0
ABalaaappl,0,0,0,,,,,ABalaaappl,0,0,0
ABalaaappr,0,0,0,,,,,ABalaaappl,0,0,0
ABalaapaaa,201.613902171429,264.952550614286,14.8197718685714,,,,,,,,
ABalaapaap,227.373112942857,268.892160614286,14.6311100342857,,,,,,,,
ABalaapapp,249.871455942857,274.659698742857,14.7315492785714,,,,,,,,
ABalaappap,225.269596328571,272.6323597,14.99799177,,,,,,,,
ABalaapppa,211.043232285714,272.0702231,15.3438337742857,,,,,,,,
ABalaapppp,231.103605557143,275.039403885714,15.4651998471429,,,,,,,,
ABalapaaaa,188.9576708,247.223869975,15.27418264875,,,,,ABalapaaaa,188.9576708,247.22387,15.27418265
ABalapaaap,203.0772301875,244.8236518625,15.6341268975,,,,,,,,
ABalapaapa,203.0554224,239.908025075,15.42731863375,ABalapaapp,221.0264685,236.9083539,15.46490163,ABalapaapa,203.0554224,239.9080251,15.42731863
ABalapaapp,221.026468525,236.9083539,15.464901625,,,,,ABalapaappa,124.7777778,191.9722222,15.78888889
ABalapaappa,124.7777778,191.9722222,15.7888888866667,,,,,,,,
ABalapapap,223.30536875,249.11940485,15.76987220875,,,,,,,,
ABalapappa,243.1074538125,242.0160681625,15.6104904275,,,,,ABalapappaa,158.2085369,239.2783326,15.85836566
ABalapappaa,158.208536866667,239.27833255,15.8583656616667,,,,,,,,
ABalapappp,274.269983875,242.3573817625,15.605416905,,,,,,,,
ABalappaap,196.3190119375,258.1782474375,15.60735169,,,,,,,,
ABalappapa,196.337502925,268.174439825,15.47599257,,,,,,,,
ABalappapp,212.95769125,272.3608747125,15.63108516875,,,,,,,,
ABalapppaa,213.5307424,264.7664512,15.74956040875,,,,,,,,
ABalapppap,236.8090727375,268.1485680625,15.8809818725,,,,,,,,
ABalappppa,256.368527225,272.7973409,15.60157208,,,,,ABalappppaa,152.4097402,268.3349206,15.34593795
ABalappppaa,152.40974024,268.33492064,15.3459379516,,,,,,,,
ABalappppp,287.0524126125,273.139004,15.60608973375,ABalappppp,287.0524126,273.139004,15.60608973,ABalappppa,256.3685272,272.7973409,15.60157208
ABalpaaaaa,212.8527471875,245.8930726625,14.5935837575,ABalpaaaap,238.7198959,246.4375152,14.55283716,ABalpaaaaa,212.8527472,245.8930727,14.59358376
ABalpaaaap,238.719895925,246.4375151875,14.55283715625,,,,,,,,
ABalpaaapa,243.9557346875,242.465399725,14.61057113625,ABalpaaapp,265.482794,242.7429345,14.61010345,ABalpaaapa,243.9557347,242.4653997,14.61057114
ABalpaaapp,265.4827939625,242.74293445,14.61010345,,,,,,,,
ABalpaapaa,200.93070685,248.1684192125,14.68317312,,,,,ABalpaapaa,200.9307069,248.1684192,14.68317312
ABalpaapap,225.9461578,242.60790005,14.72249712125,ABalpaapap,225.9461578,242.6079001,14.72249712,,,,
ABalpaappa,214.9091587125,236.136320875,14.66821826875,ABalpaappp,239.923476,234.0404435,14.66292331,ABalpaappa,214.9091587,236.1363209,14.66821827
ABalpaappp,239.923475975,234.0404434875,14.662923305,,,,,,,,
ABalpapaaa,240.1537568875,236.9291573375,14.3745708975,ABalpapaap,265.1687058,237.3026143,14.28952286,ABalpapaaa,240.1537569,236.9291573,14.3745709
ABalpapaap,265.1687058125,237.3026142875,14.289522855,ABalpapaap,265.1687058,237.3026143,14.28952286,,,,
ABalpapapa,279.040683425,232.211648725,14.415073895,,,,,ABalpapapap,279.257716,200.8518519,7.757407407
ABalpapapap,279.257716033333,200.851851866667,7.75740740733333,ABalpapapp,306.1323315,231.5785932,14.33661187,ABalpapapa,279.0406834,232.2116487,14.4150739
ABalpapapp,306.1323315,231.578593225,14.336611865,,,,,,,,
ABalpappaa,266.8572495,242.0998912125,14.469235015,,,,,ABalpappaap,233.2055556,245.6092593,10.70444445
ABalpappaap,233.20555555,245.60925925,10.704444445,,,,,,,,
ABalpappap,292.2712292,240.523026528571,14.0285141485714,,,,,,,,
ABalpapppa,289.2370434875,243.05125485,14.4177231075,,,,,,,,
ABalpapppp,320.2683894625,241.7601892875,14.29521197375,,,,,,,,
ABalppaaap,212.323787525,231.603922475,15.06004306875,,,,,,,,
ABalppaapp,243.5939562375,224.9483347875,15.00085445875,,,,,,,,
ABalppapaa,241.09743625,227.886963975,14.711711275,,,,,,,,
ABalppapap,265.0221871875,228.837887625,14.5675525625,,,,,,,,
ABalppappa,276.28569075,227.04139405,14.48644950625,ABalppappp,303.680285,225.3431933,14.60046487,ABalppappa,276.2856908,227.0413941,14.48644951
ABalppappp,303.68028495,225.3431932625,14.60046487375,,,,,ABalppapppa,243.4397778,220.2955556,11.4443
ABalppapppa,243.43977776,220.29555556,11.4443,,,,,,,,
ABalpppaaa,220.9052029125,226.905042975,15.30700893,ABalpppaap,231.9203246,226.2306738,15.58593104,ABalpppaaa,220.9052029,226.905043,15.30700893
ABalpppaap,231.9203245875,226.2306738125,15.58593103625,,,,,ABalpppaaa,220.9052029,226.905043,15.30700893
ABalpppapa,244.7220788875,223.5516999875,15.17732461125,,,,,,,,
ABalpppapp,263.880262875,223.0403707625,15.37460801625,,,,,ABalpppappp,196.8008621,134.9952299,17.43405172
ABalpppappp,196.80086206,134.9952299,17.434051724,,,,,,,,
ABalppppaa,246.5925635875,232.6381989,15.29343594875,ABalppppap,266.6621466,231.2042489,15.53625372,ABalppppaa,246.5925636,232.6381989,15.29343595
ABalppppap,266.66214655,231.2042489125,15.536253715,,,,,ABalppppapa,205.5523288,201.1207851,17.60899691
ABalppppapa,205.552328783333,201.120785083333,17.6089969116667,,,,,,,,
ABalpppppa,283.703285242857,232.200038985714,15.1822972942857,ABalpppppp,312.5437453,227.1155629,15.38889913,ABalpppppa,283.7032852,232.200039,15.18229729
ABalpppppp,312.5437453125,227.115562925,15.38889913125,ABalppppppp,294.8133809,212.2663543,15.90570281,ABalppppppa,270.9822206,220.9595001,15.66831194
ABalppppppa,270.982220585714,220.959500057143,15.6683119385714,,,,,,,,
ABalppppppp,294.813380942857,212.266354257143,15.9057028114286,,,,,,,,
ABaraaaaaa,197.411485725,254.0341153,14.7668581625,ABaraaaaap,216.0538033,260.8454247,14.85744037,ABaraaaaaa,197.4114857,254.0341153,14.76685816
ABaraaaaap,216.05380325,260.84542465,14.85744037125,,,,,,,,
ABaraaaapa,207.3605037875,257.635996,14.83144361625,,,,,ABaraaaapa,207.3605038,257.635996,14.83144362
ABaraaapaa,214.2307466625,256.4923608625,14.6337905075,Abaraaapap,241.1137784,257.2859121,14.60842357,ABaraaapaa,214.2307467,256.4923609,14.63379051
ABaraaapap,241.1137783875,257.285912075,14.6084235725,,,,,,,,
ABaraaappa,234.8780345,263.7465399,14.6508790375,ABaraaappp,257.1605471,266.4827969,14.62506088,ABaraaappa,234.8780345,263.7465399,14.65087904
ABaraaappp,257.160547075,266.4827969,14.62506088375,,,,,,,,
ABaraapaaa,217.36662955,250.2506239,14.706085935,ABaraapaap,241.0799009,249.6207086,14.72507059,ABaraapaaa,217.3666296,250.2506239,14.70608594
ABaraapaap,241.079900875,249.62070855,14.72507058625,,,,,,,,
ABaraapapa,258.9834099875,246.336312825,14.62829784625,,,,,ABaraapapaa,229.1980733,247.5866798,14.59889022
ABaraapapaa,229.198073314286,247.586679757143,14.5988902185714,,,,,,,,
ABaraapapp,283.1968595875,247.9535186625,14.63484431,ABaraapapp,283.1968596,247.9535187,14.63484431,ABaraapapa,258.98341,246.3363128,14.62829785
ABaraappaa,231.930431775,259.164499975,14.77319720375,ABaraappap,257.7659061,258.2671462,14.69242816,ABaraappaa,231.9304318,259.1645,14.7731972
ABaraappap,257.7659060625,258.2671462375,14.692428155,,,,,,,,
ABaraapppa,280.0132789,258.6021795625,14.59599124,,,,,ABaraapppaa,266.228865,276.3400289,14.74761261
ABaraapppaa,266.228864971429,276.340028928571,14.7476126085714,,,,,,,,
ABaraapppp,306.4971675625,259.3030009875,14.7213627175,ABaraapppp,306.4971676,259.303001,14.72136272,ABaraapppa,280.0132789,258.6021796,14.59599124
ABarapaaaa,255.8151487375,255.3968112375,14.67581452375,ABarapaaap,275.4821419,255.4284458,14.57096545,ABarapaaaa,255.8151487,255.3968112,14.67581452
ABarapaaap,275.4821419125,255.428445825,14.57096545125,,,,,,,,
ABarapaapa,261.1912871875,256.8151815875,14.548653735,ABarapaapp,284.8762907,256.487369,14.45906311,ABarapaapa,261.1912872,256.8151816,14.54865374
ABarapaapp,284.8762906625,256.487368975,14.45906311,ABarapaapp,284.8762907,256.487369,14.45906311,,,,
ABarapapaa,289.5874098375,258.0181299375,14.22876545125,,,,,ABarapapaap,237.3333334,275.25,12.49666667
ABarapapaap,237.33333335,275.25,12.496666665,,,,,,,,
ABarapapap,314.87809035,255.064230525,14.18539919375,,,,,,,,
ABarapappa,304.54717725,256.2111205875,14.48647173,,,,,,,,
ABarapappp,334.3402244375,255.9416294875,14.32912132125,,,,,,,,
ABarappaaa,290.5475652875,266.207686225,14.53336834125,,,,,,,,
ABarappaap,315.9331185375,265.1610590125,14.4289441925,,,,,,,,
ABarappapa,319.1717925375,271.33627715,14.42925940625,,,,,ABarappapap,335.8545455,338.5860606,12.54672727
ABarappapap,335.854545466667,338.5860606,12.5467272733333,,,,,,,,
ABarappapp,348.19922525,269.302295625,14.4381061225,,,,,ABarappapa,319.1717925,271.3362772,14.42925941
ABarapppaa,264.4860311375,270.941897725,14.658701,,,,,,,,
ABarapppap,288.2776794,270.611367775,14.62901494375,,,,,,,,
ABarappppa,297.11563205,274.4663534625,14.7966663,,,,,,,,
ABarappppp,322.36965965,277.5172788875,14.7490176875,,,,,ABarapppppa,311.9090909,313.1023173,14.32370767
ABarapppppa,311.90909092,313.1023173,14.3237076654,,,,,,,,
ABarpaaaaa,214.76866005,261.1069695625,16.11115789875,,,,,,,,
ABarpaaaap,235.7948639125,254.9929298,16.00684542625,,,,,,,,
ABarpaaapa,245.425540925,262.134054775,15.86403348625,,,,,,,,
ABarpapaaa,233.064828775,272.9131256875,16.21418838,,,,,,,,
ABarpapaap,259.469572625,274.6557736625,16.08890470625,,,,,ABarpapaapp,214.018254,321.4519842,24.28996032
ABarpapaapp,214.01825395,321.45198415,24.2899603175,,,,,,,,
ABarppaapp,420.773092625,240.85749215,15.8259716425,,,,,,,,
ABarpppapp,420.947140975,275.75236605,15.64305791125,,,,,,,,
ABplaaaaaa,228.9490932625,246.021664925,16.17089487,,,,,,,,
ABplaaaaap,254.968341225,245.504823675,16.05802622125,,,,,ABplaaaaapp,221.6865497,213.7052632,23.15418129
ABplaaaaapp,221.686549725,213.70526315,23.1541812875,,,,,,,,
ABplaapaa,257.489780925,238.6757853625,15.71530842125,ABplaapaap,262.6979038,234.6737184,15.79954063,ABplaapaaa,235.6471168,236.3803366,15.94370386
ABplaapaaa,235.647116825,236.3803365625,15.94370385875,,,,,,,,
ABplaapaap,262.6979037875,234.6737183875,15.7995406275,,,,,,,,
ABplaapap,294.511576425,237.9564613625,15.74057265875,ABplaapapp,301.1146793,231.3536435,15.74561657,ABplaapapa,277.3841984,228.689588,15.74676905
ABplaapapa,277.38419835,228.689588,15.74676905125,,,,,,,,
ABplaapapp,301.114679275,231.353643525,15.74561657125,,,,,ABplaapappp,241.224359,256.4065171,14.78007479
ABplaapappp,241.224358966667,256.406517083333,14.7800747861667,,,,,,,,
ABplaappa,316.659013775,233.941984725,15.54167587,ABplaappp,353.6677632,233.1511667,15.45707218,ABplaappa,316.6590138,233.9419847,15.54167587
ABplaappp,353.6677632,233.151166675,15.45707217625,,,,,,,,
ABplapaaa,335.7859538625,241.380663025,15.58919644625,ABplapaaap,368.6219505,237.0900051,15.41546723,ABplapaaaa,344.2781827,238.776617,15.33330203
ABplapaaaa,344.2781827125,238.776617025,15.33330202875,,,,,ABplapaaaap,367.4028408,224.5596803,15.4254101
ABplapaaaap,367.40284076,224.55968028,15.425410097,,,,,,,,
ABplapaaap,368.6219505,237.0900050625,15.41546723,,,,,ABplapaaapa,370.9420001,209.3077499,15.38719449
ABplapaaapa,370.942000075,209.3077499,15.38719449,,,,,,,,
ABplapaap,371.8364479,241.063005675,15.62533911625,,,,,,,,
ABplapapa,400.077207325,240.8765580375,15.520181445,ABplapapaa,465.787269,235.6670144,15.6855346,ABplapapaa,465.787269,235.6670144,15.6855346
ABplapapaa,465.787268971429,235.667014357143,15.6855345985714,,,,,,,,
ABplapapaa,442.2370572,228.9155313,14.40354223,,,,,,,,
ABplapapp,439.083849725,240.025762,15.427726685,,,,,ABplapappp,501.2229056,238.5284407,15.18711332
ABplapappp,501.222905625,238.5284407,15.18711331625,,,,,ABplapapppp,603.258611,241.6531777,17.62824205
ABplapapppp,603.258610966667,241.653177733333,17.62824205,,,,,ABplapappppa,0,0,0
ABplapappppa,0,0,0,,,,,,,,
ABplappaa,389.88072395,233.8117564375,15.41664065375,ABplappap,424.6644011,233.5135221,15.43738585,ABplappaa,389.880724,233.8117564,15.41664065
ABplappap,424.664401075,233.513522125,15.43738584625,,,,,,,,
ABplapppa,442.4881709125,233.110129625,15.27244438,ABplapppap,472.3934237,236.773328,15.28544697,ABplapppaa,454.7286852,233.3457698,15.2900678
ABplapppaa,454.7286852125,233.345769775,15.29006780125,,,,,,,,
ABplapppap,472.3934237125,236.773328,15.28544697375,,,,,ABplapppapp,557.1606407,230.706865,15.50062293
ABplapppapp,557.160640733333,230.706865,15.5006229333333,,,,,,,,
ABplapppp,467.1919392875,234.829075475,15.2581083175,,,,,,,,
ABplpaaaa,262.4986485375,231.0286042625,15.2567156,ABplpaaaap,289.1390004,224.1723814,14.79513633,ABplpaaaaa,264.3773455,227.1979819,14.81010666
ABplpaaaaa,264.37734545,227.19798185,14.81010666375,,,,,,,,
ABplpaaaap,289.1390003875,224.1723814,14.7951363325,,,,,,,,
ABplpaaap,293.397584875,228.536391375,15.2811930875,ABplpaaapp,311.2580261,220.6286323,14.85500394,ABplpaaapa,290.3975391,221.3599106,14.90906987
ABplpaaapa,290.3975390875,221.3599106,14.90906987375,,,,,,,,
ABplpaaapp,311.258026125,220.6286323,14.85500393625,,,,,ABplpaaappa,244.25,184.7708333,12.00833333
ABplpaaappa,244.25,184.770833325,12.00833333325,,,,,,,,
ABplpaapa,291.7846338,227.97338555,15.37276942125,ABplpaapap,295.4982356,220.2636605,15.15130675,ABplpaapaa,272.1563383,223.6297125,15.01202768
ABplpaapaa,272.1563383125,223.6297124875,15.0120276825,,,,,,,,
ABplpaapap,295.49823555,220.26366045,15.15130674875,,,,,,,,
ABplpaapp,328.4129066125,227.9356930625,15.3145522025,ABplpaappp,338.6954235,218.8058972,14.99986067,ABplpaappa,318.1650527,219.8676002,15.14876062
ABplpaappa,318.165052675,219.8676002125,15.14876061875,,,,,,,,
ABplpaappp,338.69542345,218.8058972,14.999860665,,,,,ABplpaapppp,299.1326531,201.7413222,14.98670853
ABplpaapppp,299.132653057143,201.741322161429,14.9867085285714,,,,,ABplpaapppp,299.1326531,201.7413222,14.98670853
ABplpapaa,307.6262128625,230.9150447875,14.85848481875,ABplpapaap,337.2460942,227.8370882,14.40688236,ABplpapaaa,313.5575401,229.9741021,14.37072513
ABplpapaaa,313.5575400875,229.9741020625,14.37072512875,,,,,,,,
ABplpapaap,337.2460941875,227.8370881625,14.4068823575,,,,,,,,
ABplpapapa,346.0312813375,227.7703744875,14.21885284375,ABplpapapp,372.8379501,231.5842593,14.2333619,ABplpapapa,346.0312813,227.7703745,14.21885284
ABplpapapp,372.8379501,231.5842593,14.2333618975,ABplpapapp,372.8379501,231.5842593,14.2333619,,,,
ABplpappa,350.40599955,234.271313675,14.55475116875,,,,,,,,
ABplpapppa,386.2241599375,239.5111897375,14.1641993875,,,,,ABplpapppa,386.2241599,239.5111897,14.16419939
ABplppaaa,337.5583960375,228.8212329625,15.1334745025,,,,,ABplppaaaa,328.277116,228.3325004,15.02227816
ABplppaaaa,328.2771159625,228.3325004,15.02227816375,,,,,ABplppaaaap,339.8744293,134.470972,13.74520548
ABplppaaaap,339.87442925,134.47097195,13.74520548,,,,,,,,
ABplppaapa,364.7661921625,225.632378225,14.655504535,ABplppaapp,390.7558467,227.6186962,14.65098127,ABplppaapa,364.7661922,225.6323782,14.65550454
ABplppaapp,390.7558466625,227.618696225,14.65098127125,,,,,ABplppaapa,364.7661922,225.6323782,14.65550454
ABplppapaa,359.7292533375,226.0404917875,14.9552044625,,,,,ABplppapaaa,379.6267974,135.4006536,13.60140523
ABplppapaaa,379.6267974,135.4006536,13.60140523,,,,,,,,
ABplppapap,388.3099489375,224.8747697375,14.87725021375,,,,,,,,
ABplppappa,406.4267528875,227.71476405,14.926263405,ABplppappp,432.7533401,229.35489,14.88843065,ABplppappa,406.4267529,227.7147641,14.92626341
ABplppappp,432.7533401,229.3548899875,14.8884306525,,,,,,,,
ABplpppaaa,412.5169705625,229.792309025,14.838382925,ABplpppaap,440.0274051,231.5206479,14.83821212,ABplpppaaa,412.5169706,229.792309,14.83838293
ABplpppaap,440.027405125,231.5206478875,14.83821212125,,,,,ABplpppaapa,563.3648025,269.5357143,15.49079919
ABplpppaapa,563.3648025,269.5357143,15.4907991886667,,,,,,,,
ABplpppap,436.872811971429,226.195405042857,14.7654123671429,,,,,ABplpppapa,459.5442276,233.4977521,14.68701162
ABplpppapa,459.544227628571,233.497752057143,14.6870116171429,,,,,,,,
ABplppppaa,400.388250125,234.5995537125,14.6118206525,ABplppppap,426.4220577,237.3712511,14.73996205,ABplppppaa,400.3882501,234.5995537,14.61182065
ABplppppap,426.422057675,237.3712511125,14.73996204625,,,,,,,,
ABplppppp,434.6017287875,237.637005825,14.9630238575,ABplpppppp,462.4567417,245.5730815,14.74924828,ABplpppppa,438.9731154,244.2612778,14.66996961
ABplpppppa,438.973115375,244.2612778,14.66996960625,,,,,,,,
ABplpppppp,462.4567416625,245.57308145,14.74924828125,,,,,,,,
ABpraaaaa,254.6112175,276.5130474875,15.11175759625,ABpraaaaap,254.8533021,287.3463275,15.29345638,ABpraaaaaa,240.368475,284.0425356,15.09495237
ABpraaaaaa,240.3684749625,284.0425356375,15.0949523675,,,,,,,,
ABpraaaaap,254.85330205,287.346327475,15.293456375,,,,,,,,
ABpraaaap,281.3027653375,279.30655975,15.14505025875,ABpraaaapp,282.7940678,288.8636737,15.33514326,ABpraaaapa,264.1023706,284.9446098,15.17076352
ABpraaaapa,264.10237055,284.9446097875,15.1707635175,,,,,,,,
ABpraaaapp,282.7940678125,288.863673725,15.3351432575,,,,,ABpraaaappp,224.5781818,365.1454546,15.25745455
ABpraaaappp,224.5781818,365.14545455,15.257454545,,,,,,,,
ABpraaapa,273.113255775,277.8596149875,15.270191695,ABpraaapap,269.2497928,282.2089673,15.5060781,ABpraaapaa,251.0773832,278.5903542,15.41358816
ABpraaapaa,251.0773832,278.5903542,15.41358816,,,,,,,,
ABpraaapap,269.249792825,282.2089673,15.5060780975,,,,,ABpraaapapa,177.4285714,364.7619048,22.14761905
ABpraaapapa,177.4285714,364.7619048,22.14761905,,,,,,,,
ABpraaapp,310.237516325,278.1830907125,15.08115305875,ABpraaappp,313.8158523,284.415017,15.41040104,ABpraaappa,287.9507,281.8723565,15.39790846
ABpraaappa,287.9506999625,281.872356475,15.39790846,,,,,,,,
ABpraaappp,313.81585225,284.415017,15.4104010425,ABpraaapppp,307.6817268,312.6365794,16.54537582,ABpraaapppa,286.6487593,301.5414809,15.74974449
ABpraaapppa,286.648759328571,301.541480885714,15.7497444914286,,,,,,,,
ABpraaapppp,307.681726785714,312.636579414286,16.5453758214286,,,,,,,,
ABpraapaa,307.0279614,281.3922726125,15.4191793975,ABpraapaap,273.2215261,283.3816138,15.71342791,ABpraapaaa,243.2372684,280.4860987,15.91162179
ABpraapaaa,243.23726835,280.486098675,15.9116217925,,,,,,,,
ABpraapaap,273.2215261,283.3816138375,15.7134279075,,,,,,,,
ABpraapap,342.6860791125,281.2171291375,15.46727931375,ABpraapapp,315.9045692,286.6775614,15.76923006,ABpraapapa,291.894195,286.6171346,15.84442331
ABpraapapa,291.894194975,286.6171346,15.84442331125,,,,,,,,
ABpraapapp,315.9045691625,286.6775613875,15.76923005875,,,,,ABpraapappp,265.0972222,305.625,16.12638889
ABpraapappp,265.097222233333,305.625,16.126388889,,,,,,,,
ABpraappa,360.637428025,282.52580735,15.16749661625,ABpraappp,398.5198884,279.9459938,15.0986842,ABpraappa,360.637428,282.5258074,15.16749662
ABpraappp,398.51988835,279.9459937875,15.0986842025,,,,,,,,
ABprapaaa,377.86907115,280.8660846875,15.53964715125,ABprapaaap,385.1743825,278.6362604,15.3236005,,,,
ABprapaaaa,361.994441875,281.0437966625,15.33521981125,,,,,ABprapaaaap,348.9450758,232.2619048,7.124107143
ABprapaaaap,348.945075766667,232.261904766667,7.124107143,,,,,,,,
ABprapaaap,385.17438245,278.636260425,15.32360049625,,,,,ABprapaaapa,371.1357857,278.6988824,14.13715066
ABprapaaapa,371.135785725,278.6988824,14.13715066,,,,,,,,
ABprapaap,415.95299635,280.1334727125,15.5739201625,,,,,,,,
ABprapapa,451.1415924375,278.251889575,15.33475914375,,,,,ABprapapaa,473.3776138,274.7381426,15.42122138
ABprapapaa,473.377613775,274.7381426125,15.421221375,,,,,,,,
ABprapapp,484.180415925,272.1804094875,15.25043192375,,,,,ABprapappp,514.6906251,266.2558569,15.15000404
ABprapappp,514.6906250875,266.2558568625,15.15000404375,,,,,,,,
ABprapapppp,597.928024066667,259.993842366667,14.7443760266667,,,,,ABprapapppp,597.9280241,259.9938424,14.74437603
ABprapappppa,0,0,0,,,,,,,,
ABprappaa,434.2275040375,278.811199625,14.9677297925,,,,,,,,
ABprappap,467.5914143125,274.8727194875,14.99446652,,,,,,,,
ABprapppa,480.8926754375,271.972529875,14.98856846125,ABprapppap,485.7140251,266.3896097,15.43304144,ABprapppaa,468.4833209,269.9279042,15.46408902
ABprapppaa,468.4833209375,269.9279042,15.4640890225,,,,,,,,
ABprapppap,485.714025125,266.389609675,15.43304143625,,,,,ABprapppapp,557.9912281,230.5593395,17.63152735
ABprapppapp,557.9912281,230.5593395,17.631527345,,,,,,,,
ABprapppp,497.803467925,266.008252425,14.98859792375,,,,,,,,
ABprpaaaa,302.871025425,275.964386225,14.75651109625,ABprpaaaap,303.3365917,280.6642845,14.77844756,ABprpaaaaa,277.5405497,277.4615607,14.81865611
ABprpaaaaa,277.5405497125,277.461560725,14.81865611,ABprpaaaap,303.3365917,280.6642845,14.77844756,ABprpaaaa,302.8710254,275.9643862,14.7565111
ABprpaaaap,303.336591725,280.6642845125,14.77844755625,ABprpaaaap,303.3365917,280.6642845,14.77844756,,,,
ABprpaaap,336.4804204,279.6651175875,14.82661463,ABprpaaapp,331.0380826,282.889621,14.92352025,ABprpaaapa,308.2220739,282.2228175,15.04016088
ABprpaaapa,308.222073875,282.2228175125,15.04016087875,,,,,,,,
ABprpaaapp,331.0380825625,282.889621025,14.92352025,,,,,ABprpaaappa,316.4833334,375.975,9.76
ABprpaaappa,316.48333335,375.975,9.76,,,,,,,,
ABprpaapa,337.608259125,280.8334530625,14.88907469375,ABprpaapap,312.9236718,288.1156801,15.15493424,ABprpaapaa,288.5794896,284.2458635,15.0107826
ABprpaapaa,288.57948955,284.2458635125,15.01078260125,,,,,,,,
ABprpaapap,312.9236718,288.1156801,15.15493423875,,,,,,,,
ABprpaapp,371.3023563,280.697377575,14.87553621,ABprpaappp,354.6647095,287.0399003,15.05825014,ABprpaappa,334.0230949,286.61401,15.13622495
ABprpaappa,334.0230949125,286.6140100375,15.13622495125,,,,,,,,
ABprpaappp,354.6647094875,287.03990025,15.0582501375,,,,,ABprpaapppp,322.3378378,394.8648649,11.32387387
ABprpaapppp,322.337837833333,394.864864866667,11.3238738733333,,,,,,,,
ABprpapaa,353.2380534125,270.8754051625,14.5605006125,ABprpapaap,358.8336193,274.3515315,14.40279528,ABprpapaaa,334.1566465,272.7257586,14.36325578
ABprpapaaa,334.1566464875,272.7257586375,14.3632557775,,,,,,,,
ABprpapaap,358.83361925,274.35153145,14.40279528125,,,,,,,,
ABprpapap,374.349602875,268.7215373125,14.57011324,ABprpapapp,396.4181472,267.7891896,14.31535444,ABprpapapa,369.9751442,269.729017,14.31279451
ABprpapapa,369.97514415,269.72901695,14.312794505,,,,,,,,
ABprpapapp,396.4181472,267.789189575,14.31535443625,,,,,,,,
ABprpappa,381.6623097625,264.397168875,14.4464844775,ABprpappap,375.8772636,257.8500229,14.31485597,ABprpappaa,347.3847188,261.6034751,14.34993961
ABprpappaa,347.3847188,261.60347505,14.34993961375,,,,,,,,
ABprpappap,375.877263575,257.8500229125,14.31485597,,,,,,,,
ABprpappp,413.3059654875,264.33757235,14.6129635475,ABprpapppp,434.17227,255.7487614,14.30352931,ABprpapppa,402.5929473,259.7039206,14.14763708
ABprpapppa,402.592947275,259.7039206,14.14763707625,,,,,,,,
ABprpapppp,434.1722700375,255.74876135,14.3035293125,,,,,,,,
ABprppaaa,372.1946377875,275.894744625,14.8093525175,,,,,ABprppaaaa,339.4342798,277.0681966,14.93202046
ABprppaaaa,339.434279825,277.0681965625,14.93202045625,,,,,,,,
ABprppaap,400.429984625,273.7843396625,14.7293341425,ABprppaapp,409.5426892,271.325078,14.79060649,ABprppaapa,383.4055973,273.556619,14.81644559
ABprppaapa,383.4055972625,273.55661895,14.8164455925,,,,,,,,
ABprppaapp,409.5426891875,271.32507795,14.79060648875,,,,,,,,
ABprppapa,413.375260025,274.742218575,14.76283622625,ABprppapap,403.656475,277.305592,14.9916778,ABprppapaa,375.7988731,277.7465502,15.04909502
ABprppapaa,375.7988731125,277.7465501625,15.049095015,,,,,ABprppapaaa,420.48406,302.7939522,15.31017346
ABprppapaaa,420.48406,302.7939522,15.3101734633333,,,,,,,,
ABprppapap,403.656474975,277.30559195,14.99167780375,,,,,,,,
ABprppapp,443.1717618375,273.279247875,14.88879144125,ABprppappp,449.8560222,275.6275194,15.03099619,ABprppappa,422.3986231,276.7513651,14.90786058
ABprppappa,422.3986230625,276.7513650875,14.90786058125,,,,,,,,
ABprppappp,449.8560221625,275.6275193625,15.030996185,,,,,,,,
ABprpppaa,450.732057175,272.749080975,14.81723515875,ABprpppaap,463.4692484,268.8902714,15.06046356,ABprpppaa,450.7320572,272.749081,14.81723516
ABprpppaaa,434.774937975,271.64853515,14.9600637675,,,,,,,,
ABprpppaap,463.469248375,268.8902713875,15.06046355625,,,,,,,,
ABprpppap,478.5368259375,268.1938882375,14.8293772725,,,,,ABprpppapa,475.7599371,263.9555497,15.05218125
ABprpppapa,475.75993705,263.955549725,15.05218124625,,,,,,,,
ABprppppa,442.1181402375,266.0818458375,14.7722428625,ABprppppap,440.6901408,251.584507,16.65267606,ABprppppaa,421.8626848,266.0564249,14.71231376
ABprppppaa,421.862684814286,266.056424928571,14.7123137585714,,,,,,,,
ABprppppaa,410.7893615,264.8298404,15.656957745,,,,,,,,
ABprppppap,444.7821691875,265.7089779125,14.75143486375,,,,,,,,
ABprppppap,440.6901408,251.584507,16.65267606,,,,,,,,
ABprppppp,464.1620801875,260.91860135,14.8889215425,ABprpppppp,479.2724521,254.3967674,14.83664078,ABprpppppa,455.5196272,257.8878095,14.71048991
ABprpppppa,455.5196272375,257.887809475,14.71048991,,,,,,,,
ABprpppppa,449.2986627,253.5200594,16.71396731,,,,,,,,
ABprpppppp,479.272452075,254.39676735,14.83664077875,,,,,,,,
Capaaa,406.5180164125,238.4653414,14.93608924875,,,,,,,,
Capaap,423.476238325,247.0627084125,14.73701584875,,,,,,,,
Capapa,440.4697373375,240.9489884625,14.88916849875,,,,,,,,
Capapp,455.3003498625,245.72682065,14.70767445875,,,,,,,,
Cappaa,442.1926999375,240.07421575,14.95641489875,,,,,,,,
Cappap,461.7716345125,241.131799975,14.83170089125,,,,,,,,
Capppa,482.4376588625,241.6205799125,15.0826916525,,,,,,,,
Capppp,479.4749927125,247.8481163125,14.65821311875,,,,,,,,
Cppaaa,424.4039866,264.6075916,14.8188005,,,,,,,,
Cppaap,443.3877492375,259.4853679625,14.73790423375,,,,,,,,
Cppapa,443.9930557625,261.78469845,14.86133068625,,,,,,,,
Cppapp,460.386079925,254.5277788125,14.62135195125,,,,,,,,
Cpppaa,451.214236925,265.71219865,15.21766898,,,,,,,,
Cpppap,475.8712328625,263.2379428125,14.976535855,,,,,,,,
Cppppa,490.493075875,261.2426913,14.94806100375,,,,,,,,
Cppppp,491.3995387375,253.35975535,14.8067006075,,,,,,,,
Dappa,408.9923808375,236.096441325,15.42467430875,,,,,,,,
Dappp,443.8451130375,233.9233333625,14.930511145,,,,,,,,
Dpppa,404.4281936625,276.1415767625,15.1223468425,,,,,,,,
Dpppp,446.3487174,271.2157985125,14.417805305,,,,,,,,
MSaaaaa,216.4393961125,251.9198681875,14.96679815875,MSaaaaap,222.0243439,252.0230987375,15.24879616375,MSaaaaaa,199.1234724,253.7780781,15.11830085
MSaaaaaa,199.1234723875,253.7780781,15.11830084875,,,,,,,,
MSaaaaaa,0,0,0,,,,,,,,
MSaaaaap,222.0243439,252.0230987375,15.24879616375,,,,,MSaaaaapa,163.7845238,255.5472222,15.97515873
MSaaaaap,0,0,0,,,,,,,,
MSaaaaapa,163.784523816667,255.547222233333,15.97515873,,,,,,,,
MSaaaap,234.5325782875,256.5939721125,15.22064729875,MSaaaapp,270.038843375,252.1202626125,15.34984024375,MSaaaapa,241.9816988,254.3332349,15.64814651
MSaaaapa,241.981698828571,254.3332349,15.6481465128571,,,,,,,,
MSaaaapa,243.1364421,250.1848014,13.9044905,,,,,,,,
MSaaaapp,270.038843375,252.1202626125,15.34984024375,,,,,,,,
MSaaaapp,0,0,0,,,,,,,,
MSaaapa,267.9601350375,250.077176475,14.84283058125,MSaaapap,280.5681154,250.5226245625,14.84189768375,MSaaapaa,254.7324913,248.624127,15.03874797
MSaaapaa,254.7324912625,248.62412695,15.03874796625,,,,,,,,
MSaaapaa,254.6122779,250.361874,14.55605816,,,,,,,,
MSaaapap,280.5681154,250.5226245625,14.84189768375,,,,,,,,
MSaaapap,282.9209677,252.8112903,14.17951613,,,,,,,,
MSaaapp,297.67013495,250.83649625,14.794272465,,,,,,,,
MSaapaa,305.8444620875,242.0725484,14.54770154125,MSaapaap,319.187165075,245.882556275,14.607298915,MSaapaaa,297.1480071,242.5485675,14.54476832
MSaapaaa,297.148007125,242.5485675125,14.54476831625,,,,,,,,
MSaapaaa,297.949464,252.5543645,15.37411945,,,,,,,,
MSaapaap,319.187165075,245.882556275,14.607298915,,,,,MSaapaapa,311.832094,229.6678205,14.94918804
MSaapaap,319.9800613,250.9662577,14.72407975,,,,,,,,
MSaapaapa,311.832094016667,229.667820516667,14.949188035,,,,,,,,
MSaapap,342.663158125,243.13296855,14.41691363625,MSaapapp,353.025700025,243.6000432625,14.5418844625,MSaapapa,322.4255404,245.1281447,14.51634126
MSaapapa,322.425540425,245.128144725,14.5163412625,,,,,,,,
MSaapapp,353.025700025,243.6000432625,14.5418844625,,,,,,,,
MSaappa,361.2053665875,244.36362045,14.25197090125,,,,,,,,
MSaappp,380.3678003,240.5282224125,14.49010840625,MSaapppp,398.5687151,226.9698386625,13.9978575225,MSaapppa,365.7540003,224.6740271,14.01671505
MSaapppa,365.7540003125,224.6740270625,14.01671504875,,,,,,,,
MSaapppp,398.5687151,226.9698386625,13.9978575225,,,,,,,,
MSapaaa,248.67578315,238.6793699375,15.11826244,,,,,MSapaaaa,223.1369071,241.8583125,15.0323648
MSapaaaa,223.1369071125,241.8583124875,15.03236479875,,,,,,,,
MSapaap,275.273305925,238.9830446,14.9139775325,,,,,,,,
MSapapa,292.265874225,235.9893687875,15.06149186125,,,,,,,,
MSapapp,323.989770575,238.0699362625,15.1639649475,,,,,,,,
MSappaa,325.207454925,237.6725859875,14.80291600125,,,,,,,,
MSappap,350.3766958125,235.907514,14.6380548875,,,,,,,,
MSapppa,339.8781895125,231.8999835,15.02152922625,,,,,,,,
MSapppp,372.4339253125,235.2146039875,15.12550613875,,,,,,,,
MSpaaaa,242.62305575,260.707770375,14.9539164825,MSpaaaap,245.093255875,261.9562120375,15.11547646625,MSpaaaaa,216.1000234,262.9460553,15.13483565
MSpaaaaa,216.10002335,262.9460553375,15.13483564625,,,,,,,,
MSpaaaap,245.093255875,261.9562120375,15.11547646625,,,,,,,,
MSpaaap,278.7370432125,262.5159757375,14.96014125125,MSpaaapp,288.6489226,261.6942144625,15.19626358375,MSpaaapa,260.1679905,263.9755565,15.2711739
MSpaaapa,260.167990475,263.9755564875,15.27117389625,,,,,,,,
MSpaaapp,288.6489226,261.6942144625,15.19626358375,,,,,,,,
MSpaapa,290.67795415,260.99948935,14.7323794975,MSpaapap,294.452425725,264.781950375,14.9103102475,MSpaapaa,265.9657408,264.0525458,15.04987658
MSpaapaa,265.9657408375,264.0525457625,15.04987657875,,,,,,,,
MSpaapap,294.452425725,264.781950375,14.9103102475,,,,,,,,
MSpapaa,332.4668596875,252.4044504625,14.4306222375,MSpapaap,339.6177201,255.910966,14.45212941875,MSpapaaa,314.1334369,253.6684373,14.35942721
MSpapaaa,314.1334369375,253.6684373125,14.359427205,,,,,,,,
MSpapaap,339.6177201,255.910966,14.45212941875,,,,,Mspapaapa,331.3239316,282.0066239,14.59788462
MSpapaapa,331.323931633333,282.006623933333,14.597884615,,,,,,,,
MSpapap,367.0615741375,252.1530818125,14.44580508125,MSpapapp,369.297496575,253.0882384,14.38015163625,MSpapapa,345.0988499,254.2818127,14.28586002
MSpapapa,345.0988499375,254.281812675,14.2858600175,,,,,,,,
MSpapapp,369.297496575,253.0882384,14.38015163625,,,,,,,,
MSpappa,383.93321035,251.397433825,14.34974254375,,,,,,,,
MSpappp,405.0623209875,252.74957805,14.41443156875,MSpapppp,411.6451719,260.675868271429,14.2765932042857,MSpapppa,387.6895866,264.2695707,14.64206295
MSpapppa,387.689586642857,264.269570657143,14.6420629528571,,,,,,,,
MSpapppp,411.6451719,260.675868271429,14.2765932042857,,,,,,,,
MSppaaa,259.16713005,269.7302129375,14.9018442025,,,,,,,,
MSppaap,294.3275064375,269.1533070625,14.88640699625,,,,,,,,
MSppapa,308.110918325,272.673378025,14.94709137125,,,,,MSppapaa,274.7147701,276.8862033,15.1166963
MSppapaa,274.7147701125,276.88620325,15.11669629875,,,,,,,,
MSppapp,334.536745775,273.5620462875,15.078584005,,,,,,,,
MSpppaa,330.8214113875,266.8876260625,14.6898017225,,,,,,,,
MSpppap,361.4226916125,268.5623118375,14.66990350625,,,,,,,,
MSppppa,348.9259686,275.1700697,14.9894579925,,,,,,,,
MSppppp,378.1478399,273.880248825,15.041435145,,,,,,,,
